record_id,location_id,source_id,time_of_record,visit_count,time_in_queue,assigned_employee_id
21896,AkHa00000,AkHa00000224,"2021-11-30 11:20:00",1,0,28
9514,AkHa00001,AkHa00001224,"2021-05-27 13:26:00",1,0,1
54843,AkHa00002,AkHa00002224,"2023-04-18 13:44:00",1,0,5
2550,AkHa00003,AkHa00003224,"2021-02-10 14:34:00",1,0,42
31721,AkHa00004,AkHa00004224,"2022-04-29 09:46:00",1,0,46
21704,AkHa00005,AkHa00005224,"2021-11-26 11:18:00",1,0,2
25553,AkHa00006,AkHa00006224,"2022-01-25 11:35:00",1,0,24
22378,AkHa00007,AkHa00007224,"2021-12-07 13:31:00",1,0,48
57788,AkHa00008,AkHa00008224,"2023-06-02 12:54:00",1,0,7
51643,AkHa00009,AkHa00009224,"2023-03-01 16:25:00",1,0,14
10392,AkHa00010,AkHa00010224,"2021-06-09 09:37:00",1,0,10
52987,AkHa00011,AkHa00011224,"2023-03-22 09:54:00",1,0,30
36385,AkHa00012,AkHa00012224,"2022-07-06 14:12:00",1,0,38
45032,AkHa00013,AkHa00013224,"2022-11-15 16:12:00",1,26,7
20135,AkHa00014,AkHa00014224,"2021-11-03 12:17:00",1,0,36
4308,AkHa00015,AkHa00015224,"2021-03-09 13:02:00",1,0,30
28514,AkHa00016,AkHa00016224,"2022-03-11 16:00:00",1,0,34
46374,AkHa00017,AkHa00017224,"2022-12-06 12:08:00",1,0,5
19644,AkHa00018,AkHa00018224,"2021-10-27 12:38:00",1,0,34
40067,AkHa00019,AkHa00019224,"2022-08-31 14:10:00",1,0,34
26565,AkHa00020,AkHa00020224,"2022-02-09 15:18:00",1,0,3
13404,AkHa00021,AkHa00021224,"2021-07-23 11:02:00",1,0,3
13171,AkHa00022,AkHa00022224,"2021-07-20 11:05:00",1,0,10
6093,AkHa00023,AkHa00023224,"2021-04-06 14:55:00",1,0,1
36271,AkHa00024,AkHa00024224,"2022-07-05 13:02:00",1,0,3
53449,AkHa00025,AkHa00025224,"2023-03-28 11:10:00",1,0,30
51056,AkHa00026,AkHa00026224,"2023-02-20 13:51:00",1,0,30
45274,AkHa00027,AkHa00027224,"2022-11-18 14:40:00",1,0,34
17509,AkHa00028,AkHa00028224,"2021-09-23 14:42:00",1,0,12
4681,AkHa00029,AkHa00029224,"2021-03-15 15:17:00",1,0,2
48514,AkHa00030,AkHa00030224,"2023-01-06 16:12:00",1,0,42
9483,AkHa00031,AkHa00031224,"2021-05-27 10:12:00",1,0,1
34196,AkHa00032,AkHa00032224,"2022-06-06 13:49:00",1,0,7
20128,AkHa00033,AkHa00033224,"2021-11-03 11:50:00",1,0,30
21138,AkHa00034,AkHa00034224,"2021-11-18 12:07:00",1,0,48
42018,AkHa00035,AkHa00035224,"2022-09-29 15:55:00",1,0,42
50812,AkHa00036,AkHa00036224,"2023-02-16 08:04:00",2,113,10
50912,AkHa00036,AkHa00036224,"2023-02-17 11:17:00",3,229,10
50761,AkHa00036,AkHa00036224,"2023-02-15 09:07:00",1,240,10
51103,AkHa00036,AkHa00036224,"2023-02-21 06:28:00",7,158,10
51028,AkHa00036,AkHa00036224,"2023-02-20 10:54:00",6,185,10
51268,AkHa00036,AkHa00036224,"2023-02-22 17:37:00",8,226,10
50974,AkHa00036,AkHa00036224,"2023-02-18 06:58:00",4,400,10
50993,AkHa00036,AkHa00036224,"2023-02-19 10:15:00",5,120,10
39696,AkHa00037,AkHa00037224,"2022-08-25 14:17:00",1,0,26
49967,AkHa00038,AkHa00038224,"2023-01-31 15:00:00",1,0,42
7482,AkHa00039,AkHa00039224,"2021-04-27 16:47:00",1,0,38
38638,AkHa00040,AkHa00040224,"2022-08-09 12:56:00",1,0,16
9909,AkHa00041,AkHa00041224,"2021-06-02 14:14:00",1,0,24
43552,AkHa00042,AkHa00042224,"2022-10-24 16:51:00",1,0,42
46128,AkHa00043,AkHa00043224,"2022-12-02 09:38:00",1,0,48
34915,AkHa00044,AkHa00044224,"2022-06-16 09:21:00",1,0,28
37030,AkHa00045,AkHa00045224,"2022-07-15 15:58:00",1,0,3
42192,AkHa00046,AkHa00046224,"2022-10-03 09:54:00",1,0,32
14683,AkHa00047,AkHa00047224,"2021-08-12 10:50:00",1,0,14
35623,AkHa00048,AkHa00048224,"2022-06-24 16:52:00",1,0,12
43188,AkHa00049,AkHa00049224,"2022-10-18 10:32:00",1,0,0
16828,AkHa00050,AkHa00050224,"2021-09-13 10:02:00",1,0,42
10493,AkHa00051,AkHa00051224,"2021-06-10 10:31:00",1,0,10
9768,AkHa00052,AkHa00052224,"2021-06-01 09:45:00",1,0,8
28869,AkHa00053,AkHa00053224,"2022-03-17 12:07:00",1,0,3
35939,AkHa00054,AkHa00054224,"2022-06-30 11:53:00",1,0,36
29700,AkHa00055,AkHa00055224,"2022-03-29 11:56:00",1,0,2
34001,AkHa00056,AkHa00056224,"2022-06-02 14:13:00",1,0,16
28720,AkHa00057,AkHa00057224,"2022-03-15 14:40:00",1,0,32
11935,AkHa00058,AkHa00058224,"2021-07-01 10:09:00",1,0,22
15106,AkHa00059,AkHa00059224,"2021-08-18 12:21:00",1,0,36
11440,AkHa00060,AkHa00060224,"2021-06-23 16:20:00",1,0,36
45459,AkHa00061,AkHa00061224,"2022-11-22 12:41:00",1,0,2
19989,AkHa00062,AkHa00062224,"2021-11-01 16:22:00",1,0,1
6811,AkHa00063,AkHa00063224,"2021-04-16 15:42:00",1,0,32
38678,AkHa00064,AkHa00064224,"2022-08-09 16:42:00",1,0,18
33321,AkHa00065,AkHa00065224,"2022-05-24 11:05:00",1,0,40
9079,AkHa00066,AkHa00066224,"2021-05-21 10:13:00",1,0,24
2073,AkHa00067,AkHa00067224,"2021-02-03 10:30:00",1,0,12
17343,AkHa00068,AkHa00068224,"2021-09-21 12:05:00",1,0,36
44165,AkHa00069,AkHa00069224,"2022-11-03 10:25:00",1,0,46
17,AkHa00070,AkHa00070224,"2021-01-01 11:42:00",1,0,40
15700,AkHa00071,AkHa00071224,"2021-08-27 10:25:00",1,0,40
37942,AkHa00072,AkHa00072224,"2022-07-29 11:35:00",1,0,12
13554,AkHa00073,AkHa00073224,"2021-07-26 13:12:00",1,0,38
22925,AkHa00074,AkHa00074224,"2021-12-16 10:56:00",1,0,48
46735,AkHa00075,AkHa00075224,"2022-12-12 09:05:00",1,0,18
25933,AkHa00076,AkHa00076224,"2022-01-31 13:45:00",1,0,6
26132,AkHa00077,AkHa00077224,"2022-02-03 11:15:00",1,0,48
30079,AkHa00078,AkHa00078224,"2022-04-04 11:57:00",1,0,40
49958,AkHa00079,AkHa00079224,"2023-01-31 13:39:00",1,0,42
39851,AkHa00080,AkHa00080224,"2022-08-29 09:30:00",1,0,42
13734,AkHa00081,AkHa00081224,"2021-07-28 16:30:00",1,0,12
2453,AkHa00082,AkHa00082224,"2021-02-09 12:44:00",1,0,8
24462,AkHa00083,AkHa00083224,"2022-01-07 15:09:00",1,0,7
36259,AkHa00084,AkHa00084224,"2022-07-05 12:15:00",1,16,36
19412,AkHa00085,AkHa00085224,"2021-10-22 13:27:00",1,0,7
31734,AkHa00086,AkHa00086224,"2022-04-29 11:16:00",1,0,1
5315,AkHa00087,AkHa00087224,"2021-03-25 09:35:00",1,0,16
12774,AkHa00088,AkHa00088224,"2021-07-14 11:24:00",1,0,34
34752,AkHa00089,AkHa00089224,"2022-06-14 13:04:00",1,0,2
30227,AkHa00090,AkHa00090224,"2022-04-06 10:34:00",7,34,5
30159,AkHa00090,AkHa00090224,"2022-04-05 12:15:00",6,53,5
30070,AkHa00090,AkHa00090224,"2022-04-04 11:24:00",5,62,5
30023,AkHa00090,AkHa00090224,"2022-04-03 06:21:00",4,12,5
30312,AkHa00090,AkHa00090224,"2022-04-07 12:28:00",8,40,5
29901,AkHa00090,AkHa00090224,"2022-03-31 15:30:00",1,45,5
30006,AkHa00090,AkHa00090224,"2022-04-02 08:54:00",3,63,5
29928,AkHa00090,AkHa00090224,"2022-04-01 09:18:00",2,50,5
23152,AkHa00091,AkHa00091224,"2021-12-20 12:14:00",1,0,40
45409,AkHa00092,AkHa00092224,"2022-11-21 14:55:00",1,0,30
15408,AkHa00093,AkHa00093224,"2021-08-23 13:19:00",1,0,5
18422,AkHa00094,AkHa00094224,"2021-10-07 13:07:00",1,0,28
32842,AkHa00095,AkHa00095224,"2022-05-16 11:00:00",1,0,0
58426,AkHa00096,AkHa00096224,"2023-06-13 11:15:00",1,0,14
38253,AkHa00097,AkHa00097224,"2022-08-03 11:44:00",1,0,12
8793,AkHa00098,AkHa00098224,"2021-05-17 14:50:00",1,0,32
2428,AkHa00099,AkHa00099224,"2021-02-09 09:14:00",1,0,16
29281,AkHa00100,AkHa00100224,"2022-03-23 11:35:00",1,0,36
27290,AkHa00101,AkHa00101224,"2022-02-21 15:52:00",1,0,5
15709,AkHa00102,AkHa00102224,"2021-08-27 11:49:00",1,0,24
51473,AkHa00103,AkHa00103224,"2023-02-27 12:57:00",1,240,28
51840,AkHa00103,AkHa00103224,"2023-03-04 08:24:00",6,183,28
51836,AkHa00103,AkHa00103224,"2023-03-03 18:02:00",5,141,28
51580,AkHa00103,AkHa00103224,"2023-03-01 06:47:00",3,88,28
51656,AkHa00103,AkHa00103224,"2023-03-02 06:22:00",4,237,28
51874,AkHa00103,AkHa00103224,"2023-03-05 14:10:00",7,179,28
51509,AkHa00103,AkHa00103224,"2023-02-28 07:42:00",2,186,28
51950,AkHa00103,AkHa00103224,"2023-03-06 18:52:00",8,387,28
45096,AkHa00104,AkHa00104224,"2022-11-16 13:41:00",1,0,30
19340,AkHa00105,AkHa00105224,"2021-10-21 16:13:00",1,0,28
13413,AkHa00106,AkHa00106224,"2021-07-23 11:49:00",1,0,30
53765,AkHa00107,AkHa00107224,"2023-03-31 14:20:00",1,0,7
7132,AkHa00108,AkHa00108224,"2021-04-22 11:55:00",1,0,12
14927,AkHa00109,AkHa00109224,"2021-08-16 09:53:00",1,0,12
25024,AkHa00110,AkHa00110224,"2022-01-17 11:57:00",1,0,40
9805,AkHa00111,AkHa00111224,"2021-06-01 13:14:00",1,0,22
42187,AkHa00112,AkHa00112224,"2022-10-03 09:13:00",1,0,5
4867,AkHa00113,AkHa00113224,"2021-03-17 16:57:00",1,0,14
50676,AkHa00114,AkHa00114224,"2023-02-13 14:04:00",1,0,48
15174,AkHa00115,AkHa00115224,"2021-08-19 12:01:00",1,0,42
25463,AkHa00116,AkHa00116224,"2022-01-24 10:33:00",1,0,42
20057,AkHa00117,AkHa00117224,"2021-11-02 13:43:00",1,0,3
45866,AkHa00118,AkHa00118224,"2022-11-28 16:03:00",1,0,48
41829,AkHa00119,AkHa00119224,"2022-09-27 10:39:00",1,0,16
15543,AkHa00120,AkHa00120224,"2021-08-25 11:25:00",1,0,5
36282,AkHa00121,AkHa00121224,"2022-07-05 13:24:00",1,0,1
43329,AkHa00122,AkHa00122224,"2022-10-20 12:53:00",1,0,32
15411,AkHa00123,AkHa00123224,"2021-08-23 14:03:00",1,0,24
1955,AkHa00124,AkHa00124224,"2021-02-01 16:09:00",1,0,48
55905,AkHa00125,AkHa00125224,"2023-05-04 12:08:00",1,0,30
52538,AkHa00126,AkHa00126224,"2023-03-15 12:46:00",1,0,36
51238,AkHa00127,AkHa00127224,"2023-02-22 13:33:00",1,0,8
42002,AkHa00128,AkHa00128224,"2022-09-29 13:51:00",1,0,32
49471,AkHa00129,AkHa00129224,"2023-01-23 16:56:00",1,0,24
7367,AkHa00130,AkHa00130224,"2021-04-26 14:13:00",1,0,18
34153,AkHa00131,AkHa00131224,"2022-06-06 10:07:00",1,0,8
4934,AkHa00132,AkHa00132224,"2021-03-18 15:11:00",1,0,3
29084,AkHa00133,AkHa00133224,"2022-03-21 10:03:00",1,0,48
21442,AkHa00134,AkHa00134224,"2021-11-23 09:39:00",1,0,10
24907,AkHa00135,AkHa00135224,"2022-01-14 12:05:00",1,0,18
49785,AkHa00136,AkHa00136224,"2023-01-27 15:44:00",1,0,34
42101,AkHa00137,AkHa00137224,"2022-09-30 15:17:00",1,240,3
42464,AkHa00137,AkHa00137224,"2022-10-06 11:11:00",7,208,3
42156,AkHa00137,AkHa00137224,"2022-10-02 11:19:00",3,115,3
42260,AkHa00137,AkHa00137224,"2022-10-03 16:16:00",4,361,3
42144,AkHa00137,AkHa00137224,"2022-10-01 16:20:00",2,190,3
42299,AkHa00137,AkHa00137224,"2022-10-04 10:46:00",5,208,3
42378,AkHa00137,AkHa00137224,"2022-10-05 12:16:00",6,246,3
42594,AkHa00137,AkHa00137224,"2022-10-07 18:47:00",8,154,3
4404,AkHa00138,AkHa00138224,"2021-03-10 13:23:00",1,0,36
38111,AkHa00139,AkHa00139224,"2022-08-01 15:09:00",1,0,36
53638,AkHa00140,AkHa00140224,"2023-03-30 10:59:00",1,0,38
39115,AkHa00141,AkHa00141224,"2022-08-16 15:45:00",1,0,34
9863,AkHa00142,AkHa00142224,"2021-06-02 09:46:00",1,0,30
11902,AkHa00143,AkHa00143224,"2021-06-30 15:28:00",1,0,30
59058,AkHa00144,AkHa00144224,"2023-06-23 11:49:00",1,0,24
23907,AkHa00145,AkHa00145224,"2021-12-30 15:42:00",1,0,8
6698,AkHa00146,AkHa00146224,"2021-04-15 13:50:00",1,0,34
35535,AkHa00147,AkHa00147224,"2022-06-23 16:28:00",1,0,4
43841,AkHa00148,AkHa00148224,"2022-10-28 15:18:00",1,0,8
41743,AkHa00149,AkHa00149224,"2022-09-26 09:00:00",1,0,40
14839,AkHa00150,AkHa00150224,"2021-08-13 16:20:00",1,0,38
30284,AkHa00151,AkHa00151224,"2022-04-07 09:12:00",1,0,30
42268,AkHa00152,AkHa00152224,"2022-10-03 16:48:00",1,0,0
20913,AkHa00153,AkHa00153224,"2021-11-15 15:15:00",1,0,40
14089,AkHa00154,AkHa00154224,"2021-08-03 12:56:00",1,0,48
1516,AkHa00155,AkHa00155224,"2021-01-26 11:02:00",1,0,0
43944,AkHa00156,AkHa00156224,"2022-10-31 13:07:00",1,0,1
56289,AkHa00157,AkHa00157224,"2023-05-09 16:48:00",1,0,5
22943,AkHa00158,AkHa00158224,"2021-12-16 12:30:00",7,155,36
23039,AkHa00158,AkHa00158224,"2021-12-17 12:47:00",8,120,36
22796,AkHa00158,AkHa00158224,"2021-12-14 14:20:00",5,87,36
22657,AkHa00158,AkHa00158224,"2021-12-12 06:40:00",3,110,36
22890,AkHa00158,AkHa00158224,"2021-12-15 15:59:00",6,80,36
22700,AkHa00158,AkHa00158224,"2021-12-13 11:02:00",4,209,36
22604,AkHa00158,AkHa00158224,"2021-12-10 13:30:00",1,172,36
22635,AkHa00158,AkHa00158224,"2021-12-11 06:27:00",2,192,36
21460,AkHa00159,AkHa00159224,"2021-11-23 12:11:00",1,0,30
31667,AkHa00160,AkHa00160224,"2022-04-28 12:42:00",1,0,44
23304,AkHa00161,AkHa00161224,"2021-12-22 10:07:00",1,0,34
11194,AkHa00162,AkHa00162224,"2021-06-21 09:01:00",1,0,5
51278,AkHa00163,AkHa00163224,"2023-02-23 09:54:00",1,0,6
35943,AkHa00164,AkHa00164224,"2022-06-30 12:25:00",1,0,7
3082,AkHa00165,AkHa00165224,"2021-02-18 13:13:00",1,0,10
59510,AkHa00166,AkHa00166224,"2023-06-30 09:06:00",1,0,40
47149,AkHa00167,AkHa00167224,"2022-12-16 16:50:00",1,0,32
56724,AkHa00168,AkHa00168224,"2023-05-17 09:01:00",1,0,6
12408,AkHa00169,AkHa00169224,"2021-07-08 12:36:00",1,0,28
31011,AkHa00170,AkHa00170224,"2022-04-19 12:32:00",1,0,8
35014,AkHa00171,AkHa00171224,"2022-06-17 09:44:00",1,0,8
41191,AkHa00172,AkHa00172224,"2022-09-16 15:15:00",1,0,48
54788,AkHa00173,AkHa00173224,"2023-04-17 16:55:00",1,0,36
31073,AkHa00174,AkHa00174224,"2022-04-20 10:40:00",1,0,5
39519,AkHa00175,AkHa00175224,"2022-08-23 12:26:00",1,0,24
42672,AkHa00176,AkHa00176224,"2022-10-10 11:44:00",1,0,42
53552,AkHa00177,AkHa00177224,"2023-03-29 12:42:00",1,0,2
58069,AkHa00178,AkHa00178224,"2023-06-07 13:16:00",1,0,12
3258,AkHa00179,AkHa00179224,"2021-02-22 11:11:00",1,0,28
45976,AkHa00180,AkHa00180224,"2022-11-30 10:30:00",1,9,10
58756,AkHa00181,AkHa00181224,"2023-06-19 09:57:00",1,0,32
32262,AkHa00182,AkHa00182224,"2022-05-06 13:27:00",1,0,40
37723,AkHa00183,AkHa00183224,"2022-07-26 15:19:00",1,0,40
39902,AkHa00184,AkHa00184224,"2022-08-29 14:49:00",1,0,42
40386,AkHa00185,AkHa00185224,"2022-09-05 13:09:00",1,0,18
29951,AkHa00186,AkHa00186224,"2022-04-01 12:33:00",1,0,5
35411,AkHa00187,AkHa00187224,"2022-06-22 12:55:00",1,0,28
45116,AkHa00188,AkHa00188224,"2022-11-16 16:12:00",1,22,4
52846,AkHa00189,AkHa00189224,"2023-03-20 14:05:00",1,0,38
5189,AkHa00190,AkHa00190224,"2021-03-23 10:51:00",1,0,36
22366,AkHa00191,AkHa00191224,"2021-12-07 12:10:00",1,0,1
47338,AkHa00192,AkHa00192224,"2022-12-20 14:27:00",1,0,28
25090,AkHa00193,AkHa00193224,"2022-01-18 10:18:00",1,0,8
14436,AkHa00194,AkHa00194224,"2021-08-09 11:41:00",1,0,24
21572,AkHa00195,AkHa00195224,"2021-11-24 14:58:00",1,0,2
51146,AkHa00196,AkHa00196224,"2023-02-21 12:48:00",1,0,12
9728,AkHa00197,AkHa00197224,"2021-05-31 13:33:00",1,0,16
30275,AkHa00198,AkHa00198224,"2022-04-06 16:33:00",1,0,2
37866,AkHa00199,AkHa00199224,"2022-07-28 12:30:00",1,0,5
32128,AkHa00200,AkHa00200224,"2022-05-05 09:43:00",1,0,5
7225,AkHa00201,AkHa00201224,"2021-04-23 12:44:00",1,0,2
49912,AkHa00202,AkHa00202224,"2023-01-30 16:06:00",1,23,5
51164,AkHa00203,AkHa00203224,"2023-02-21 15:02:00",1,0,42
4095,AkHa00204,AkHa00204224,"2021-03-05 12:21:00",1,0,3
33927,AkHa00205,AkHa00205224,"2022-06-01 16:19:00",1,0,36
28307,AkHa00206,AkHa00206224,"2022-03-09 13:24:00",1,0,34
57091,AkHa00207,AkHa00207224,"2023-05-23 12:04:00",1,0,30
42439,AkHa00208,AkHa00208224,"2022-10-06 09:30:00",1,0,7
155,AkHa00209,AkHa00209224,"2021-01-05 11:52:00",1,0,30
39160,AkHa00210,AkHa00210224,"2022-08-17 10:35:00",1,0,42
46136,AkHa00211,AkHa00211224,"2022-12-02 10:14:00",1,0,40
27245,AkHa00212,AkHa00212224,"2022-02-21 11:19:00",1,0,48
42527,AkHa00213,AkHa00213224,"2022-10-07 09:22:00",1,0,14
30484,AkHa00214,AkHa00214224,"2022-04-11 10:20:00",1,0,32
12485,AkHa00215,AkHa00215224,"2021-07-09 11:35:00",1,0,10
3327,AkHa00216,AkHa00216224,"2021-02-23 09:27:00",1,0,24
13412,AkHa00217,AkHa00217224,"2021-07-23 11:48:00",1,0,30
34715,AkHa00218,AkHa00218224,"2022-06-14 09:51:00",1,0,28
34911,AkHa00219,AkHa00219224,"2022-06-16 09:00:00",1,0,30
19588,AkHa00220,AkHa00220224,"2021-10-26 14:18:00",1,0,16
4494,AkHa00221,AkHa00221224,"2021-03-11 16:00:00",1,0,32
38317,AkHa00222,AkHa00222224,"2022-08-04 09:13:00",1,0,22
9004,AkHa00223,AkHa00223224,"2021-05-20 11:20:00",1,0,24
16099,AkHa00224,AkHa00224224,"2021-09-01 15:14:00",1,0,46
51247,AkHa00225,AkHa00225224,"2023-02-22 14:31:00",1,0,1
29286,AkHa00226,AkHa00226224,"2022-03-23 11:53:00",1,0,7
6635,AkHa00227,AkHa00227224,"2021-04-14 15:45:00",1,0,3
47714,AkHa00228,AkHa00228224,"2022-12-26 13:16:00",1,0,5
14304,AkHa00229,AkHa00229224,"2021-08-06 10:18:00",1,0,12
8758,AkHa00230,AkHa00230224,"2021-05-17 11:12:00",1,0,7
35917,AkHa00231,AkHa00231224,"2022-06-30 10:38:00",1,0,10
14306,AkHa00232,AkHa00232224,"2021-08-06 10:35:00",1,8,46
22522,AkHa00233,AkHa00233224,"2021-12-09 13:49:00",1,0,32
45885,AkHa00234,AkHa00234224,"2022-11-29 09:42:00",1,0,2
58671,AkHa00235,AkHa00235224,"2023-06-16 13:32:00",1,0,0
38128,AkHa00236,AkHa00236224,"2022-08-01 18:48:00",5,292,32
38030,AkHa00236,AkHa00236224,"2022-07-31 09:42:00",4,105,32
38332,AkHa00236,AkHa00236224,"2022-08-04 11:08:00",8,150,32
38001,AkHa00236,AkHa00236224,"2022-07-30 07:52:00",3,261,32
37920,AkHa00236,AkHa00236224,"2022-07-29 07:12:00",2,291,32
38227,AkHa00236,AkHa00236224,"2022-08-03 08:48:00",7,102,32
37883,AkHa00236,AkHa00236224,"2022-07-28 13:56:00",1,213,32
38149,AkHa00236,AkHa00236224,"2022-08-02 10:56:00",6,100,32
39858,AkHa00237,AkHa00237224,"2022-08-29 10:11:00",1,0,10
43572,AkHa00238,AkHa00238224,"2022-10-25 10:20:00",1,0,34
32142,AkHa00239,AkHa00239224,"2022-05-05 11:06:00",1,0,40
9704,AkHa00240,AkHa00240224,"2021-05-31 10:41:00",1,0,8
26211,AkHa00241,AkHa00241224,"2022-02-04 09:55:00",1,0,36
32885,AkHa00242,AkHa00242224,"2022-05-16 16:36:00",1,0,5
59231,AkHa00243,AkHa00243224,"2023-06-26 16:28:00",1,0,48
58769,AkHa00244,AkHa00244224,"2023-06-19 10:57:00",1,0,36
46342,AkHa00245,AkHa00245224,"2022-12-06 09:24:00",1,0,46
34781,AkHa00246,AkHa00246224,"2022-06-14 16:18:00",1,0,48
41310,AkHa00247,AkHa00247224,"2022-09-19 12:59:00",1,0,30
41519,AkHa00248,AkHa00248224,"2022-09-21 16:28:00",1,13,24
39897,AkHa00249,AkHa00249224,"2022-08-29 13:50:00",1,0,10
32467,AkHa00250,AkHa00250224,"2022-05-10 11:15:00",1,0,24
53527,AkHa00251,AkHa00251224,"2023-03-29 09:59:00",1,26,36
22021,AkHa00252,AkHa00252224,"2021-12-01 16:05:00",1,0,30
39067,AkHa00253,AkHa00253224,"2022-08-16 10:28:00",1,0,40
16047,AkHa00254,AkHa00254224,"2021-09-01 10:49:00",1,0,38
56846,AkHa00255,AkHa00255224,"2023-05-18 14:49:00",1,0,36
36192,AkHa00256,AkHa00256224,"2022-07-04 14:37:00",1,0,40
34531,AkHa00257,AkHa00257224,"2022-06-10 14:29:00",1,0,6
32111,AkHa00258,AkHa00258224,"2022-05-04 16:48:00",1,0,8
14011,AkHa00259,AkHa00259224,"2021-08-02 14:11:00",5,343,28
13932,AkHa00259,AkHa00259224,"2021-07-31 15:03:00",3,251,28
14107,AkHa00259,AkHa00259224,"2021-08-03 14:34:00",6,206,28
14129,AkHa00259,AkHa00259224,"2021-08-04 08:55:00",7,202,28
14245,AkHa00259,AkHa00259224,"2021-08-05 12:19:00",8,254,28
13940,AkHa00259,AkHa00259224,"2021-08-01 08:01:00",4,152,28
13889,AkHa00259,AkHa00259224,"2021-07-30 15:24:00",2,129,28
13795,AkHa00259,AkHa00259224,"2021-07-29 14:04:00",1,240,28
50042,AkHa00260,AkHa00260224,"2023-02-01 16:22:00",1,0,38
39203,AkHa00261,AkHa00261224,"2022-08-17 15:47:00",1,0,30
22570,AkHa00262,AkHa00262224,"2021-12-10 09:38:00",1,0,16
40923,AkHa00263,AkHa00263224,"2022-09-13 13:31:00",5,228,14
41185,AkHa00263,AkHa00263224,"2022-09-16 14:50:00",8,197,14
41066,AkHa00263,AkHa00263224,"2022-09-15 11:06:00",7,118,14
40983,AkHa00263,AkHa00263224,"2022-09-14 11:23:00",6,161,14
40797,AkHa00263,AkHa00263224,"2022-09-11 14:01:00",3,177,14
40707,AkHa00263,AkHa00263224,"2022-09-09 11:28:00",1,240,14
40863,AkHa00263,AkHa00263224,"2022-09-12 15:31:00",4,239,14
40771,AkHa00263,AkHa00263224,"2022-09-10 13:47:00",2,210,14
31925,AkHa00264,AkHa00264224,"2022-05-02 15:48:00",1,0,14
33041,AkHa00265,AkHa00265224,"2022-05-18 16:14:00",1,0,10
10783,AkHa00266,AkHa00266224,"2021-06-14 13:49:00",1,0,30
3304,AkHa00267,AkHa00267224,"2021-02-22 15:51:00",1,0,12
24287,AkHa00268,AkHa00268224,"2022-01-05 13:09:00",1,0,26
49740,AkHa00269,AkHa00269224,"2023-01-27 10:58:00",1,0,40
31429,AkHa00270,AkHa00270224,"2022-04-25 15:20:00",1,0,12
22899,AkHa00271,AkHa00271224,"2021-12-15 16:51:00",1,0,3
55505,AkHa00272,AkHa00272224,"2023-04-28 10:34:00",1,0,26
30833,AkHa00273,AkHa00273224,"2022-04-15 15:11:00",1,0,3
55531,AkHa00274,AkHa00274224,"2023-04-28 13:25:00",1,0,28
44294,AkHa00275,AkHa00275224,"2022-11-04 14:16:00",1,0,3
3434,AkHa00276,AkHa00276224,"2021-02-24 10:30:00",1,0,12
8798,AkHa00277,AkHa00277224,"2021-05-17 15:57:00",1,0,1
35748,AkHa00278,AkHa00278224,"2022-06-28 09:12:00",1,0,8
25392,AkHa00279,AkHa00279224,"2022-01-21 16:19:00",1,0,34
42875,AkHa00280,AkHa00280224,"2022-10-12 13:53:00",1,29,16
3539,AkHa00281,AkHa00281224,"2021-02-25 13:03:00",1,0,40
50482,AkHa00282,AkHa00282224,"2023-02-09 12:45:00",1,0,1
37630,AkHa00283,AkHa00283224,"2022-07-25 13:42:00",1,0,1
53899,AkHa00284,AkHa00284224,"2023-04-03 14:51:00",1,0,2
36493,AkHa00285,AkHa00285224,"2022-07-07 16:50:00",1,0,48
22319,AkHa00286,AkHa00286224,"2021-12-06 14:51:00",1,0,6
7681,AkHa00287,AkHa00287224,"2021-04-30 09:16:00",1,0,48
51708,AkHa00288,AkHa00288224,"2023-03-02 13:59:00",1,0,6
58653,AkHa00289,AkHa00289224,"2023-06-16 11:03:00",1,0,18
28738,AkHa00290,AkHa00290224,"2022-03-15 16:37:00",1,0,3
42867,AkHa00291,AkHa00291224,"2022-10-12 13:15:00",1,23,18
53048,AkHa00292,AkHa00292224,"2023-03-22 15:43:00",1,0,40
3380,AkHa00293,AkHa00293224,"2021-02-23 14:48:00",1,0,3
37362,AkHa00294,AkHa00294224,"2022-07-21 10:45:00",1,0,34
39881,AkHa00295,AkHa00295224,"2022-08-29 12:36:00",1,0,40
36401,AkHa00296,AkHa00296224,"2022-07-06 15:48:00",1,0,8
26868,AkHa00297,AkHa00297224,"2022-02-14 16:52:00",1,0,42
21207,AkHa00298,AkHa00298224,"2021-11-19 10:07:00",1,0,36
50635,AkHa00299,AkHa00299224,"2023-02-13 10:11:00",1,0,34
56799,AkHa00300,AkHa00300224,"2023-05-18 09:15:00",1,0,3
46887,AkHa00301,AkHa00301224,"2022-12-13 15:20:00",1,0,42
20586,AkHa00302,AkHa00302224,"2021-11-10 10:00:00",1,0,1
43141,AkHa00303,AkHa00303224,"2022-10-17 12:55:00",1,0,40
42414,AkHa00304,AkHa00304224,"2022-10-05 15:58:00",1,0,34
35687,AkHa00305,AkHa00305224,"2022-06-27 10:11:00",1,0,34
46545,AkHa00306,AkHa00306224,"2022-12-08 11:57:00",1,0,34
20016,AkHa00307,AkHa00307224,"2021-11-02 09:51:00",1,0,40
23695,AkHa00308,AkHa00308224,"2021-12-28 09:46:00",1,0,28
30958,AkHa00309,AkHa00309224,"2022-04-18 16:32:00",1,0,26
20810,AkHa00310,AkHa00310224,"2021-11-12 16:41:00",1,0,5
21392,AkHa00311,AkHa00311224,"2021-11-22 13:58:00",1,0,40
57914,AkHa00312,AkHa00312224,"2023-06-05 13:23:00",1,0,34
45359,AkHa00313,AkHa00313224,"2022-11-21 09:02:00",1,0,1
29407,AkHa00314,AkHa00314224,"2022-03-24 15:14:00",1,0,5
9205,AkHa00315,AkHa00315224,"2021-05-24 09:06:00",1,0,2
33497,AkHa00316,AkHa00316224,"2022-05-26 12:55:00",1,0,14
46123,AkHa00317,AkHa00317224,"2022-12-02 09:14:00",1,0,4
20068,AkHa00318,AkHa00318224,"2021-11-02 14:33:00",1,0,1
59041,AkHa00319,AkHa00319224,"2023-06-23 09:37:00",1,0,24
29696,AkHa00320,AkHa00320224,"2022-03-29 11:39:00",1,30,10
9605,AkHa00321,AkHa00321224,"2021-05-28 14:50:00",1,0,34
5427,AkHa00322,AkHa00322224,"2021-03-26 13:19:00",1,0,34
35867,AkHa00323,AkHa00323224,"2022-06-29 14:30:00",1,0,8
30797,AkHa00324,AkHa00324224,"2022-04-15 10:55:00",1,0,3
21726,AkHa00325,AkHa00325224,"2021-11-26 14:01:00",1,0,1
21717,AkHa00326,AkHa00326224,"2021-11-26 12:52:00",1,0,30
24584,AkHa00327,AkHa00327224,"2022-01-10 14:11:00",1,0,28
51600,AkHa00328,AkHa00328224,"2023-03-01 11:14:00",1,0,48
28802,AkHa00329,AkHa00329224,"2022-03-16 15:30:00",1,0,36
32425,AkHa00330,AkHa00330224,"2022-05-09 16:24:00",1,0,3
26819,AkHa00331,AkHa00331224,"2022-02-14 12:05:00",1,0,16
25631,AkHa00332,AkHa00332224,"2022-01-26 13:59:00",1,0,36
33471,AkHa00333,AkHa00333224,"2022-05-26 09:30:00",1,0,6
42929,AkHa00334,AkHa00334224,"2022-10-13 11:45:00",1,0,6
38931,AkHa00335,AkHa00335224,"2022-08-12 16:53:00",1,0,10
23256,AkHa00336,AkHa00336224,"2021-12-21 15:04:00",1,0,34
20196,AkHa00337,AkHa00337224,"2021-11-04 09:11:00",1,0,16
59303,AkHa00338,AkHa00338224,"2023-06-27 12:59:00",1,0,7
54528,AkHa00339,AkHa00339224,"2023-04-12 16:01:00",1,0,1
34654,AkHa00340,AkHa00340224,"2022-06-13 12:18:00",1,0,14
37859,AkHa00341,AkHa00341224,"2022-07-28 11:26:00",1,0,48
158,AkHa00342,AkHa00342224,"2021-01-05 12:24:00",1,0,10
11043,AkHa00343,AkHa00343224,"2021-06-17 13:04:00",1,0,38
6599,AkHa00344,AkHa00344224,"2021-04-14 11:45:00",1,0,18
22619,AkHa00345,AkHa00345224,"2021-12-10 15:04:00",1,0,18
39423,AkHa00346,AkHa00346224,"2022-08-22 09:23:00",1,0,1
2839,AkHa00347,AkHa00347224,"2021-02-15 11:03:00",1,0,14
27270,AkHa00348,AkHa00348224,"2022-02-21 13:48:00",1,22,2
55278,AkHa00349,AkHa00349224,"2023-04-25 09:50:00",1,0,38
11764,AkHa00350,AkHa00350224,"2021-06-29 09:15:00",1,0,40
50302,AkHa00351,AkHa00351224,"2023-02-07 10:05:00",1,0,24
10249,AkHa00352,AkHa00352224,"2021-06-07 14:12:00",1,0,24
54432,AkHa00353,AkHa00353224,"2023-04-11 14:11:00",1,0,10
46473,AkHa00354,AkHa00354224,"2022-12-07 12:51:00",1,0,3
24544,AkHa00355,AkHa00355224,"2022-01-10 10:21:00",1,0,40
56714,AkHa00356,AkHa00356224,"2023-05-16 16:58:00",1,0,30
56537,AkHa00357,AkHa00357224,"2023-05-12 16:56:00",1,0,16
39272,AkHa00358,AkHa00358224,"2022-08-18 13:42:00",1,0,18
59085,AkHa00359,AkHa00359224,"2023-06-23 14:41:00",1,0,16
58062,AkHa00360,AkHa00360224,"2023-06-07 12:15:00",1,0,3
23009,AkHa00361,AkHa00361224,"2021-12-17 09:57:00",1,0,16
35373,AkHa00362,AkHa00362224,"2022-06-22 09:30:00",1,0,18
25387,AkHa00363,AkHa00363224,"2022-01-21 15:33:00",1,7,1
40166,AkHa00364,AkHa00364224,"2022-09-01 13:10:00",1,0,28
6454,AkHa00365,AkHa00365224,"2021-04-12 12:05:00",1,0,28
41073,AkHa00366,AkHa00366224,"2022-09-15 11:34:00",1,0,18
20258,AkHa00367,AkHa00367224,"2021-11-04 15:52:00",1,0,40
25730,AkHa00368,AkHa00368224,"2022-01-27 14:25:00",1,0,16
55646,AkHa00369,AkHa00369224,"2023-05-01 13:52:00",1,0,18
33807,AkHa00370,AkHa00370224,"2022-05-31 12:47:00",1,0,6
2385,AkHa00371,AkHa00371224,"2021-02-08 13:36:00",1,0,40
23350,AkHa00372,AkHa00372224,"2021-12-22 14:36:00",1,0,24
37610,AkHa00373,AkHa00373224,"2022-07-25 11:55:00",5,125,3
37830,AkHa00373,AkHa00373224,"2022-07-28 07:48:00",8,107,3
37822,AkHa00373,AkHa00373224,"2022-07-27 17:18:00",7,88,3
37537,AkHa00373,AkHa00373224,"2022-07-23 16:26:00",3,369,3
37395,AkHa00373,AkHa00373224,"2022-07-21 13:49:00",1,207,3
37741,AkHa00373,AkHa00373224,"2022-07-26 17:30:00",6,201,3
37550,AkHa00373,AkHa00373224,"2022-07-24 08:30:00",4,96,3
37471,AkHa00373,AkHa00373224,"2022-07-22 12:41:00",2,133,3
32989,AkHa00374,AkHa00374224,"2022-05-18 10:40:00",1,0,5
10902,AkHa00375,AkHa00375224,"2021-06-15 16:59:00",1,0,18
25687,AkHa00376,AkHa00376224,"2022-01-27 10:21:00",1,0,30
14544,AkHa00377,AkHa00377224,"2021-08-10 14:00:00",1,0,3
58191,AkHa00378,AkHa00378224,"2023-06-08 16:51:00",1,0,8
6695,AkHa00379,AkHa00379224,"2021-04-15 13:28:00",1,0,1
58994,AkHa00380,AkHa00380224,"2023-06-22 13:24:00",1,0,5
32671,AkHa00381,AkHa00381224,"2022-05-12 14:24:00",1,0,34
57254,AkHa00382,AkHa00382224,"2023-05-25 10:05:00",1,0,8
2443,AkHa00383,AkHa00383224,"2021-02-09 11:11:00",1,0,48
53179,AkHa00384,AkHa00384224,"2023-03-24 09:50:00",1,0,34
19371,AkHa00385,AkHa00385224,"2021-10-22 09:38:00",1,0,34
21146,AkHa00386,AkHa00386224,"2021-11-18 13:21:00",1,0,34
30972,AkHa00387,AkHa00387224,"2022-04-19 09:04:00",1,0,2
11818,AkHa00388,AkHa00388224,"2021-06-29 15:11:00",1,0,48
43997,AkHa00389,AkHa00389224,"2022-11-01 09:45:00",1,0,38
33000,AkHa00390,AkHa00390224,"2022-05-18 11:56:00",1,0,36
48801,AkHa00391,AkHa00391224,"2023-01-12 09:37:00",1,0,40
52572,AkHa00392,AkHa00392224,"2023-03-15 16:59:00",1,0,1
18494,AkHa00393,AkHa00393224,"2021-10-08 13:02:00",1,0,34
59264,AkHa00394,AkHa00394224,"2023-06-27 09:34:00",1,19,4
12429,AkHa00395,AkHa00395224,"2021-07-08 15:23:00",1,0,18
32097,AkHa00396,AkHa00396224,"2022-05-04 15:28:00",1,0,8
30923,AkHa00397,AkHa00397224,"2022-04-18 11:48:00",1,0,3
8479,AkHa00398,AkHa00398224,"2021-05-12 12:51:00",1,0,18
27357,AkHa00399,AkHa00399224,"2022-02-22 13:20:00",1,0,48
34778,AkHa00400,AkHa00400224,"2022-06-14 15:59:00",1,0,36
22192,AkHa00401,AkHa00401224,"2021-12-03 16:34:00",1,0,46
27580,AkHa00402,AkHa00402224,"2022-02-25 10:53:00",1,0,26
23618,AkHa00403,AkHa00403224,"2021-12-27 11:55:00",1,0,10
7699,AkHa00404,AkHa00404224,"2021-04-30 11:19:00",1,0,40
5800,AkHa00405,AkHa00405224,"2021-04-01 16:11:00",1,0,18
32874,AkHa00406,AkHa00406224,"2022-05-16 15:09:00",1,0,1
5039,AkHa00407,AkHa00407224,"2021-03-19 16:30:00",1,0,48
11709,AkHa00408,AkHa00408224,"2021-06-28 12:07:00",1,0,5
35264,AkHa00409,AkHa00409224,"2022-06-20 16:50:00",1,0,46
16703,AkHa00410,AkHa00410224,"2021-09-10 10:51:00",1,0,36
20764,AkHa00411,AkHa00411224,"2021-11-12 11:12:00",1,0,18
42373,AkHa00412,AkHa00412224,"2022-10-05 11:32:00",1,0,16
22611,AkHa00413,AkHa00413224,"2021-12-10 14:00:00",1,0,30
57490,AkHa00414,AkHa00414224,"2023-05-29 13:54:00",1,0,12
2557,AkHa00415,AkHa00415224,"2021-02-10 15:13:00",1,0,48
1452,AkHa00416,AkHa00416224,"2021-01-25 12:37:00",1,0,44
34495,AkHa00417,AkHa00417224,"2022-06-10 11:28:00",1,0,8
10544,AkHa00418,AkHa00418224,"2021-06-10 15:27:00",1,0,24
38831,AkHa00419,AkHa00419224,"2022-08-11 15:09:00",1,0,4
5452,AkHa00420,AkHa00420224,"2021-03-26 15:49:00",1,0,0
51627,AkHa00421,AkHa00421224,"2023-03-01 15:04:00",1,0,14
36694,AkHa00422,AkHa00422224,"2022-07-11 14:41:00",1,0,12
30621,AkHa00423,AkHa00423224,"2022-04-12 15:22:00",1,0,40
29875,AkHa00424,AkHa00424224,"2022-03-31 12:40:00",1,0,14
37404,AkHa00425,AkHa00425224,"2022-07-21 15:00:00",1,0,30
24724,AkHa00426,AkHa00426224,"2022-01-12 10:28:00",1,0,2
17336,AkHa00427,AkHa00427224,"2021-09-21 11:15:00",1,0,0
46995,AkHa00428,AkHa00428224,"2022-12-15 09:33:00",1,17,8
25899,AkHa00429,AkHa00429224,"2022-01-31 10:09:00",1,0,1
13845,AkHa00430,AkHa00430224,"2021-07-30 09:22:00",1,0,36
26397,AkHa00431,AkHa00431224,"2022-02-07 15:41:00",1,0,42
33594,AkHa00432,AkHa00432224,"2022-05-27 13:05:00",1,0,24
24756,AkHa00433,AkHa00433224,"2022-01-12 13:55:00",1,0,12
26223,AkHa00434,AkHa00434224,"2022-02-04 12:01:00",1,0,24
19387,AkHa00435,AkHa00435224,"2021-10-22 11:07:00",1,0,3
39911,AkHa00436,AkHa00436224,"2022-08-29 15:34:00",1,0,34
49661,AkHa00437,AkHa00437224,"2023-01-26 13:08:00",1,0,3
23295,AkHa00438,AkHa00438224,"2021-12-22 09:20:00",1,0,42
16229,AkHa00439,AkHa00439224,"2021-09-03 10:36:00",1,0,46
52507,AkHa00440,AkHa00440224,"2023-03-15 09:57:00",1,0,14
24445,AkHa00441,AkHa00441224,"2022-01-07 13:48:00",1,0,8
31635,AkHa00442,AkHa00442224,"2022-04-28 09:01:00",1,0,12
30666,AkHa00443,AkHa00443224,"2022-04-13 12:05:00",1,0,10
37993,AkHa00444,AkHa00444224,"2022-07-29 16:42:00",1,0,2
50169,AkHa00445,AkHa00445224,"2023-02-03 14:21:00",1,0,0
59397,AkHa00446,AkHa00446224,"2023-06-28 14:28:00",1,0,3
24811,AkHa00447,AkHa00447224,"2022-01-13 11:02:00",1,0,3
3878,AkHa00448,AkHa00448224,"2021-03-02 13:11:00",1,0,46
47684,AkHa00449,AkHa00449224,"2022-12-26 10:26:00",1,0,1
496,AkHa00450,AkHa00450224,"2021-01-11 11:03:00",1,0,6
52672,AkHa00451,AkHa00451224,"2023-03-17 09:59:00",1,0,8
40364,AkHa00452,AkHa00452224,"2022-09-05 11:07:00",1,0,42
47752,AkHa00453,AkHa00453224,"2022-12-26 16:55:00",1,0,48
645,AkHa00454,AkHa00454224,"2021-01-12 16:02:00",1,0,32
16860,AkHa00455,AkHa00455224,"2021-09-13 13:30:00",1,0,5
43703,AkHa00456,AkHa00456224,"2022-10-27 09:09:00",1,0,7
57143,AkHa00457,AkHa00457224,"2023-05-23 16:21:00",1,0,32
49501,AkHa00458,AkHa00458224,"2023-01-24 11:42:00",1,0,1
39863,AkHa00459,AkHa00459224,"2022-08-29 10:42:00",1,0,28
34621,AkHa00460,AkHa00460224,"2022-06-13 07:44:00",8,120,18
34314,AkHa00460,AkHa00460224,"2022-06-08 09:22:00",3,215,18
34583,AkHa00460,AkHa00460224,"2022-06-11 15:39:00",6,430,18
34450,AkHa00460,AkHa00460224,"2022-06-09 14:54:00",4,96,18
34559,AkHa00460,AkHa00460224,"2022-06-10 17:26:00",5,295,18
34243,AkHa00460,AkHa00460224,"2022-06-07 09:44:00",2,257,18
34141,AkHa00460,AkHa00460224,"2022-06-06 09:18:00",1,216,18
34600,AkHa00460,AkHa00460224,"2022-06-12 09:00:00",7,58,18
11226,AkHa00461,AkHa00461224,"2021-06-21 11:37:00",1,0,46
53580,AkHa00462,AkHa00462224,"2023-03-29 15:27:00",1,0,48
27084,AkHa00463,AkHa00463224,"2022-02-17 15:03:00",1,0,34
5992,AkHa00464,AkHa00464224,"2021-04-05 12:54:00",1,0,4
53,AkHa00465,AkHa00465224,"2021-01-01 16:28:00",1,0,3
15690,AkHa00466,AkHa00466224,"2021-08-27 09:16:00",1,0,5
49537,AkHa00467,AkHa00467224,"2023-01-24 16:24:00",1,0,48
41481,AkHa00468,AkHa00468224,"2022-09-21 12:53:00",1,0,36
54782,AkHa00469,AkHa00469224,"2023-04-17 16:20:00",1,0,18
38837,AkHa00470,AkHa00470224,"2022-08-11 15:33:00",1,0,34
5227,AkHa00471,AkHa00471224,"2021-03-23 15:56:00",1,0,8
54761,AkHa00472,AkHa00472224,"2023-04-17 13:14:00",1,0,5
57346,AkHa00473,AkHa00473224,"2023-05-26 10:38:00",1,0,3
16557,AkHa00474,AkHa00474224,"2021-09-08 14:47:00",1,0,12
35353,AkHa00475,AkHa00475224,"2022-06-21 16:08:00",1,0,2
14439,AkHa00476,AkHa00476224,"2021-08-09 11:56:00",1,0,12
37814,AkHa00477,AkHa00477224,"2022-07-27 16:08:00",1,0,30
45737,AkHa00478,AkHa00478224,"2022-11-25 14:52:00",1,0,36
28493,AkHa00479,AkHa00479224,"2022-03-11 14:26:00",1,0,3
6751,AkHa00480,AkHa00480224,"2021-04-16 09:58:00",1,0,26
2666,AkHa00481,AkHa00481224,"2021-02-11 15:44:00",1,0,3
42395,AkHa00482,AkHa00482224,"2022-10-05 14:18:00",1,0,12
51987,AkHa00483,AkHa00483224,"2023-03-07 11:40:00",1,0,14
59512,AkHa00484,AkHa00484224,"2023-06-30 09:15:00",1,0,12
31782,AkHa00485,AkHa00485224,"2022-04-29 14:45:00",1,0,48
30186,AkHa00486,AkHa00486224,"2022-04-05 14:52:00",1,0,36
14442,AkHa00487,AkHa00487224,"2021-08-09 12:14:00",1,0,4
52853,AkHa00488,AkHa00488224,"2023-03-20 14:30:00",1,0,40
2352,AkHa00489,AkHa00489224,"2021-02-08 09:34:00",1,0,42
16203,AkHa00490,AkHa00490224,"2021-09-02 16:27:00",1,0,46
10824,AkHa00491,AkHa00491224,"2021-06-15 09:25:00",1,0,28
41395,AkHa00492,AkHa00492224,"2022-09-20 12:30:00",1,0,46
33074,AkHa00493,AkHa00493224,"2022-05-19 11:29:00",1,0,34
22068,AkHa00494,AkHa00494224,"2021-12-02 11:29:00",1,0,18
46054,AkHa00495,AkHa00495224,"2022-12-01 10:27:00",1,0,46
12699,AkHa00496,AkHa00496224,"2021-07-13 12:19:00",1,0,12
10262,AkHa00497,AkHa00497224,"2021-06-07 15:21:00",1,0,32
35009,AkHa00498,AkHa00498224,"2022-06-17 09:13:00",1,0,48
58269,AkHa00499,AkHa00499224,"2023-06-09 16:07:00",1,0,10
7030,AkHa00500,AkHa00500224,"2021-04-21 09:37:00",1,0,34
22970,AkHa00501,AkHa00501224,"2021-12-16 15:15:00",1,0,48
13080,AkHa00502,AkHa00502224,"2021-07-19 11:32:00",1,17,40
48890,AkHa00503,AkHa00503224,"2023-01-13 11:44:00",1,0,38
14355,AkHa00504,AkHa00504224,"2021-08-06 16:30:00",1,0,3
31271,AkHa00505,AkHa00505224,"2022-04-22 13:23:00",1,0,34
5636,AkHa00506,AkHa00506224,"2021-03-30 16:10:00",1,0,10
19231,AkHa00507,AkHa00507224,"2021-10-20 14:00:00",1,0,0
13736,AkHa00508,AkHa00508224,"2021-07-28 16:53:00",1,0,38
50008,AkHa00509,AkHa00509224,"2023-02-01 11:04:00",1,0,38
12936,AkHa00510,AkHa00510224,"2021-07-16 11:38:00",1,0,2
26388,AkHa00511,AkHa00511224,"2022-02-07 14:53:00",1,0,2
59654,AkHa00512,AkHa00512224,"2023-07-03 10:57:00",1,0,26
31398,AkHa00513,AkHa00513224,"2022-04-25 12:40:00",1,0,46
6225,AkHa00514,AkHa00514224,"2021-04-08 12:11:00",1,0,48
33291,AkHa00515,AkHa00515224,"2022-05-23 16:26:00",1,0,46
27235,AkHa00516,AkHa00516224,"2022-02-21 10:12:00",1,0,8
22575,AkHa00517,AkHa00517224,"2021-12-10 09:55:00",1,0,28
5371,AkHa00518,AkHa00518224,"2021-03-25 16:17:00",1,0,42
22526,AkHa00519,AkHa00519224,"2021-12-09 14:25:00",1,0,8
32964,AkHa00520,AkHa00520224,"2022-05-17 16:26:00",1,0,42
37992,AkHa00521,AkHa00521224,"2022-07-29 16:34:00",1,0,3
32663,AkHa00522,AkHa00522224,"2022-05-12 13:38:00",1,0,36
21969,AkHa00523,AkHa00523224,"2021-12-01 09:46:00",1,0,46
30829,AkHa00524,AkHa00524224,"2022-04-15 14:39:00",1,0,8
6073,AkHa00525,AkHa00525224,"2021-04-06 12:41:00",1,0,12
27511,AkHa00526,AkHa00526224,"2022-02-24 12:12:00",1,0,8
42046,AkHa00527,AkHa00527224,"2022-09-30 09:20:00",1,26,30
11205,AkHa00528,AkHa00528224,"2021-06-21 09:52:00",1,0,2
10004,AkHa00529,AkHa00529224,"2021-06-03 13:49:00",1,0,7
10357,AkHa00530,AkHa00530224,"2021-06-08 15:29:00",1,0,32
43345,AkHa00531,AkHa00531224,"2022-10-20 14:39:00",1,0,28
7151,AkHa00532,AkHa00532224,"2021-04-22 13:45:00",1,0,48
31803,AkHa00533,AkHa00533224,"2022-04-29 16:57:00",1,0,8
10632,AkHa00534,AkHa00534224,"2021-06-11 14:21:00",1,0,12
38924,AkHa00535,AkHa00535224,"2022-08-12 16:04:00",1,0,10
56813,AkHa00536,AkHa00536224,"2023-05-18 10:11:00",1,0,3
37204,AkHa00537,AkHa00537224,"2022-07-19 13:41:00",1,0,32
46626,AkHa00538,AkHa00538224,"2022-12-09 11:12:00",1,0,48
40917,AkHa00539,AkHa00539224,"2022-09-13 13:05:00",1,0,1
44560,AkHa00540,AkHa00540224,"2022-11-09 09:27:00",1,0,10
56490,AkHa00541,AkHa00541224,"2023-05-12 11:37:00",1,0,5
8197,AkHa00542,AkHa00542224,"2021-05-07 10:58:00",1,0,8
51389,AkHa00543,AkHa00543224,"2023-02-24 14:21:00",1,0,42
29654,AkHa00544,AkHa00544224,"2022-03-28 16:33:00",1,0,1
228,AkHa00545,AkHa00545224,"2021-01-06 12:06:00",1,0,5
31446,AkHa00546,AkHa00546224,"2022-04-25 16:50:00",1,19,38
49028,AkHa00547,AkHa00547224,"2023-01-16 15:23:00",1,0,1
3615,AkHa00548,AkHa00548224,"2021-02-26 10:45:00",8,69,7
3209,AkHa00548,AkHa00548224,"2021-02-20 18:10:00",2,115,7
3222,AkHa00548,AkHa00548224,"2021-02-21 13:41:00",3,60,7
3407,AkHa00548,AkHa00548224,"2021-02-24 06:17:00",6,44,7
3567,AkHa00548,AkHa00548224,"2021-02-25 15:28:00",7,93,7
3390,AkHa00548,AkHa00548224,"2021-02-23 15:27:00",5,83,7
3302,AkHa00548,AkHa00548224,"2021-02-22 15:30:00",4,79,7
3182,AkHa00548,AkHa00548224,"2021-02-19 15:41:00",1,83,7
39025,AkHa00549,AkHa00549224,"2022-08-15 13:49:00",1,0,5
6310,AkHa00550,AkHa00550224,"2021-04-09 10:44:00",1,0,32
40475,AkHa00551,AkHa00551224,"2022-09-06 14:39:00",1,0,36
29141,AkHa00552,AkHa00552224,"2022-03-21 15:36:00",1,0,24
14185,AkHa00553,AkHa00553224,"2021-08-04 14:58:00",1,0,3
31956,AkHa00554,AkHa00554224,"2022-05-03 09:24:00",1,0,40
266,AkHa00555,AkHa00555224,"2021-01-06 16:19:00",1,0,34
27943,AkHa00556,AkHa00556224,"2022-03-02 16:02:00",1,0,3
8315,AkHa00557,AkHa00557224,"2021-05-10 12:03:00",1,0,10
58154,AkHa00558,AkHa00558224,"2023-06-08 13:10:00",1,0,14
10316,AkHa00559,AkHa00559224,"2021-06-08 12:46:00",1,0,4
16657,AkHa00560,AkHa00560224,"2021-09-09 15:20:00",1,0,14
40263,AkHa00561,AkHa00561224,"2022-09-02 14:20:00",1,0,3
15497,AkHa00562,AkHa00562224,"2021-08-24 14:56:00",1,0,8
33526,AkHa00563,AkHa00563224,"2022-05-26 16:01:00",1,0,3
26675,AkHa00564,AkHa00564224,"2022-02-10 16:53:00",1,0,40
8416,AkHa00565,AkHa00565224,"2021-05-11 15:04:00",1,0,46
56337,AkHa00566,AkHa00566224,"2023-05-10 12:36:00",1,0,30
54358,AkHa00567,AkHa00567224,"2023-04-10 16:00:00",1,0,40
34875,AkHa00568,AkHa00568224,"2022-06-15 15:29:00",1,0,0
3475,AkHa00569,AkHa00569224,"2021-02-24 15:35:00",1,0,36
36774,AkHa00570,AkHa00570224,"2022-07-12 13:58:00",1,0,10
8133,AkHa00571,AkHa00571224,"2021-05-06 13:25:00",1,0,8
15529,AkHa00572,AkHa00572224,"2021-08-25 09:50:00",1,0,3
16023,AkHa00573,AkHa00573224,"2021-09-01 09:08:00",1,0,5
14652,AkHa00574,AkHa00574224,"2021-08-11 15:41:00",1,0,42
9014,AkHa00575,AkHa00575224,"2021-05-20 11:44:00",1,236,1
9367,AkHa00575,AkHa00575224,"2021-05-25 18:14:00",6,94,1
9368,AkHa00575,AkHa00575224,"2021-05-26 06:14:00",7,92,1
9501,AkHa00575,AkHa00575224,"2021-05-27 11:31:00",8,114,1
9196,AkHa00575,AkHa00575224,"2021-05-23 17:24:00",4,111,1
9169,AkHa00575,AkHa00575224,"2021-05-22 11:57:00",3,496,1
9231,AkHa00575,AkHa00575224,"2021-05-24 11:39:00",5,368,1
9155,AkHa00575,AkHa00575224,"2021-05-21 18:59:00",2,181,1
13560,AkHa00576,AkHa00576224,"2021-07-26 14:21:00",1,0,24
1614,AkHa00577,AkHa00577224,"2021-01-27 11:35:00",3,66,14
1867,AkHa00577,AkHa00577224,"2021-01-31 12:24:00",7,51,14
1788,AkHa00577,AkHa00577224,"2021-01-29 12:09:00",5,88,14
1752,AkHa00577,AkHa00577224,"2021-01-28 18:42:00",4,77,14
1521,AkHa00577,AkHa00577224,"2021-01-26 11:46:00",2,39,14
1851,AkHa00577,AkHa00577224,"2021-01-30 15:44:00",6,143,14
1464,AkHa00577,AkHa00577224,"2021-01-25 13:57:00",1,71,14
1911,AkHa00577,AkHa00577224,"2021-02-01 11:31:00",8,66,14
32904,AkHa00578,AkHa00578224,"2022-05-17 09:20:00",1,0,3
23147,AkHa00579,AkHa00579224,"2021-12-20 11:59:00",1,0,34
33297,AkHa00580,AkHa00580224,"2022-05-23 16:50:00",1,0,38
27060,AkHa00581,AkHa00581224,"2022-02-17 12:26:00",1,0,10
40395,AkHa00582,AkHa00582224,"2022-09-05 14:04:00",1,0,1
16598,AkHa00583,AkHa00583224,"2021-09-09 09:25:00",1,0,7
24198,AkHa00584,AkHa00584224,"2022-01-04 12:37:00",1,0,8
54746,AkHa00585,AkHa00585224,"2023-04-17 11:29:00",1,0,48
19720,AkHa00586,AkHa00586224,"2021-10-28 11:08:00",1,0,26
20285,AkHa00587,AkHa00587224,"2021-11-05 09:33:00",1,0,30
46395,AkHa00588,AkHa00588224,"2022-12-06 13:45:00",1,0,48
20018,AkHa00589,AkHa00589224,"2021-11-02 09:56:00",1,0,36
2208,AkHa00590,AkHa00590224,"2021-02-04 16:10:00",1,0,12
57993,AkHa00591,AkHa00591224,"2023-06-06 12:03:00",1,0,46
55704,AkHa00592,AkHa00592224,"2023-05-02 09:38:00",1,0,36
29731,AkHa00593,AkHa00593224,"2022-03-29 16:43:00",1,0,3
49491,AkHa00594,AkHa00594224,"2023-01-24 09:54:00",1,0,8
43948,AkHa00595,AkHa00595224,"2022-10-31 13:25:00",1,0,1
7061,AkHa00596,AkHa00596224,"2021-04-21 13:05:00",1,0,8
29823,AkHa00597,AkHa00597224,"2022-03-30 16:09:00",1,14,6
49409,AkHa00598,AkHa00598224,"2023-01-23 11:32:00",1,0,32
36016,AkHa00599,AkHa00599224,"2022-07-01 10:54:00",1,0,28
10119,AkHa00600,AkHa00600224,"2021-06-04 16:39:00",1,0,36
2535,AkHa00601,AkHa00601224,"2021-02-10 13:02:00",1,0,46
17301,AkHa00602,AkHa00602224,"2021-09-20 16:20:00",1,0,18
17799,AkHa00603,AkHa00603224,"2021-09-28 16:19:00",1,0,10
41668,AkHa00604,AkHa00604224,"2022-09-23 14:31:00",1,0,34
16225,AkHa00605,AkHa00605224,"2021-09-03 10:10:00",1,0,4
25935,AkHa00606,AkHa00606224,"2022-01-31 13:54:00",1,0,12
20167,AkHa00607,AkHa00607224,"2021-11-03 15:33:00",1,0,30
8237,AkHa00608,AkHa00608224,"2021-05-07 15:44:00",1,0,32
43292,AkHa00609,AkHa00609224,"2022-10-19 15:34:00",1,0,7
33566,AkHa00610,AkHa00610224,"2022-05-27 10:48:00",1,0,1
44477,AkHa00611,AkHa00611224,"2022-11-08 09:19:00",1,0,7
13234,AkHa00612,AkHa00612224,"2021-07-21 09:08:00",1,0,1
20924,AkHa00613,AkHa00613224,"2021-11-15 15:59:00",1,30,24
23705,AkHa00614,AkHa00614224,"2021-12-28 11:42:00",1,17,48
23252,AkHa00615,AkHa00615224,"2021-12-21 14:32:00",1,0,28
36839,AkHa00616,AkHa00616224,"2022-07-13 13:20:00",1,0,30
56400,AkHa00617,AkHa00617224,"2023-05-11 11:02:00",1,0,38
1125,AkHa00618,AkHa00618224,"2021-01-20 12:18:00",1,0,34
50782,AkHa00619,AkHa00619224,"2023-02-15 13:10:00",1,0,30
6544,AkHa00620,AkHa00620224,"2021-04-13 14:47:00",1,0,1
14597,AkHa00621,AkHa00621224,"2021-08-11 10:53:00",1,0,5
25202,AkHa00622,AkHa00622224,"2022-01-19 14:15:00",1,0,3
17691,AkHa00623,AkHa00623224,"2021-09-27 13:09:00",1,0,5
32775,AkHa00624,AkHa00624224,"2022-05-13 16:55:00",1,0,12
59459,AkHa00625,AkHa00625224,"2023-06-29 12:03:00",1,0,8
5133,AkHa00626,AkHa00626224,"2021-03-22 13:10:00",1,0,48
8005,AkHa00627,AkHa00627224,"2021-05-05 10:58:00",1,0,26
27097,AkHa00628,AkHa00628224,"2022-02-17 16:01:00",1,0,6
25997,AkHa00629,AkHa00629224,"2022-02-01 12:47:00",1,0,2
19503,AkHa00630,AkHa00630224,"2021-10-25 13:27:00",1,0,42
22747,AkHa00631,AkHa00631224,"2021-12-13 16:09:00",1,30,10
37406,AkHa00632,AkHa00632224,"2022-07-21 15:15:00",1,0,12
47590,AkHa00633,AkHa00633224,"2022-12-23 14:03:00",1,0,36
15234,AkHa00634,AkHa00634224,"2021-08-19 16:51:00",1,0,40
21472,AkHa00635,AkHa00635224,"2021-11-23 12:45:00",1,0,28
5848,AkHa00636,AkHa00636224,"2021-04-02 12:37:00",1,0,3
11438,AkHa00637,AkHa00637224,"2021-06-23 16:15:00",1,0,30
32766,AkHa00638,AkHa00638224,"2022-05-13 15:43:00",1,0,10
31543,AkHa00639,AkHa00639224,"2022-04-26 16:31:00",1,0,46
58698,AkHa00640,AkHa00640224,"2023-06-16 16:28:00",1,0,48
15217,AkHa00641,AkHa00641224,"2021-08-19 15:16:00",1,0,24
4126,AkHa00642,AkHa00642224,"2021-03-05 15:07:00",1,0,24
6112,AkHa00643,AkHa00643224,"2021-04-06 16:37:00",1,0,8
12480,AkHa00644,AkHa00644224,"2021-07-09 11:15:00",1,0,12
607,AkHa00645,AkHa00645224,"2021-01-12 12:20:00",1,0,1
50857,AkHa00646,AkHa00646224,"2023-02-16 14:17:00",1,0,34
54489,AkHa00647,AkHa00647224,"2023-04-12 10:44:00",1,0,1
44215,AkHa00648,AkHa00648224,"2022-11-03 15:51:00",1,0,46
11223,AkHa00649,AkHa00649224,"2021-06-21 11:22:00",1,0,30
51291,AkHa00650,AkHa00650224,"2023-02-23 10:48:00",1,0,36
6166,AkHa00651,AkHa00651224,"2021-04-07 13:55:00",1,0,38
9315,AkHa00652,AkHa00652224,"2021-05-25 12:12:00",1,0,36
17370,AkHa00653,AkHa00653224,"2021-09-21 15:11:00",1,0,32
12808,AkHa00654,AkHa00654224,"2021-07-14 15:14:00",1,0,14
49494,AkHa00655,AkHa00655224,"2023-01-24 10:50:00",1,5,8
42511,AkHa00656,AkHa00656224,"2022-10-06 16:54:00",1,0,5
222,AkHa00657,AkHa00657224,"2021-01-06 11:22:00",1,0,34
30497,AkHa00658,AkHa00658224,"2022-04-11 12:17:00",1,0,10
39750,AkHa00659,AkHa00659224,"2022-08-26 11:42:00",1,0,36
55869,AkHa00660,AkHa00660224,"2023-05-03 16:42:00",1,0,42
34362,AkHa00661,AkHa00661224,"2022-06-08 14:23:00",1,0,5
52082,AkHa00662,AkHa00662224,"2023-03-08 13:28:00",1,0,30
52523,AkHa00663,AkHa00663224,"2023-03-15 11:55:00",1,0,3
57248,AkHa00664,AkHa00664224,"2023-05-25 09:38:00",1,0,42
7214,AkHa00665,AkHa00665224,"2021-04-23 12:07:00",1,0,0
54422,AkHa00666,AkHa00666224,"2023-04-11 13:13:00",1,0,48
43625,AkHa00667,AkHa00667224,"2022-10-25 16:30:00",1,0,18
23871,AkHa00668,AkHa00668224,"2021-12-30 12:29:00",1,240,38
24037,AkHa00668,AkHa00668224,"2022-01-01 12:53:00",3,353,38
24016,AkHa00668,AkHa00668224,"2021-12-31 17:07:00",2,147,38
24053,AkHa00668,AkHa00668224,"2022-01-02 08:25:00",4,125,38
24352,AkHa00668,AkHa00668224,"2022-01-06 12:01:00",8,255,38
24324,AkHa00668,AkHa00668224,"2022-01-05 17:55:00",7,228,38
24144,AkHa00668,AkHa00668224,"2022-01-03 16:03:00",5,268,38
24163,AkHa00668,AkHa00668224,"2022-01-04 07:41:00",6,176,38
33106,AkHa00669,AkHa00669224,"2022-05-19 15:27:00",1,0,10
42584,AkHa00670,AkHa00670224,"2022-10-07 16:26:00",1,0,3
5976,AkHa00671,AkHa00671224,"2021-04-05 12:08:00",1,0,12
15452,AkHa00672,AkHa00672224,"2021-08-24 09:54:00",1,0,1
54803,AkHa00673,AkHa00673224,"2023-04-18 09:20:00",1,0,8
10801,AkHa00674,AkHa00674224,"2021-06-14 15:34:00",1,0,48
46066,AkHa00675,AkHa00675224,"2022-12-01 11:18:00",1,0,7
12156,AkHa00676,AkHa00676224,"2021-07-05 11:43:00",1,0,6
10431,AkHa00677,AkHa00677224,"2021-06-09 13:59:00",1,0,10
35833,AkHa00678,AkHa00678224,"2022-06-29 10:02:00",1,0,34
5113,AkHa00679,AkHa00679224,"2021-03-22 10:38:00",1,0,28
51331,AkHa00680,AkHa00680224,"2023-02-23 15:14:00",1,0,12
2686,AkHa00681,AkHa00681224,"2021-02-12 09:04:00",1,0,30
17694,AkHa00682,AkHa00682224,"2021-09-27 13:40:00",1,0,40
8388,AkHa00683,AkHa00683224,"2021-05-11 11:18:00",1,0,40
40673,AkHa00684,AkHa00684224,"2022-09-08 16:50:00",1,0,24
57714,AkHa00685,AkHa00685224,"2023-06-01 13:03:00",1,0,1
58232,AkHa00686,AkHa00686224,"2023-06-09 11:57:00",1,0,14
56441,AkHa00687,AkHa00687224,"2023-05-11 15:07:00",1,0,36
16239,AkHa00688,AkHa00688224,"2021-09-03 11:31:00",1,0,28
20928,AkHa00689,AkHa00689224,"2021-11-15 16:06:00",1,0,32
2851,AkHa00690,AkHa00690224,"2021-02-15 12:01:00",1,0,28
11493,AkHa00691,AkHa00691224,"2021-06-24 12:26:00",1,0,1
41405,AkHa00692,AkHa00692224,"2022-09-20 14:00:00",1,0,0
727,AkHa00693,AkHa00693224,"2021-01-13 16:48:00",1,0,24
17576,AkHa00694,AkHa00694224,"2021-09-24 13:18:00",1,0,18
33191,AkHa00695,AkHa00695224,"2022-05-20 16:58:00",1,0,38
23950,AkHa00696,AkHa00696224,"2021-12-31 11:32:00",1,19,12
48336,AkHa00697,AkHa00697224,"2023-01-04 12:58:00",1,0,10
49564,AkHa00698,AkHa00698224,"2023-01-25 10:55:00",1,0,7
14603,AkHa00699,AkHa00699224,"2021-08-11 11:19:00",1,0,10
53858,AkHa00700,AkHa00700224,"2023-04-03 11:16:00",1,0,18
12945,AkHa00701,AkHa00701224,"2021-07-16 12:34:00",1,0,3
33485,AkHa00702,AkHa00702224,"2022-05-26 11:01:00",1,0,7
1159,AkHa00703,AkHa00703224,"2021-01-20 15:35:00",1,0,3
36306,AkHa00704,AkHa00704224,"2022-07-05 15:42:00",1,0,5
17910,AkHa00705,AkHa00705224,"2021-09-30 10:54:00",1,0,18
51,AkHa00706,AkHa00706224,"2021-01-01 16:10:00",1,0,8
14477,AkHa00707,AkHa00707224,"2021-08-09 15:22:00",1,0,42
51958,AkHa00708,AkHa00708224,"2023-03-07 09:21:00",1,0,28
11834,AkHa00709,AkHa00709224,"2021-06-29 16:17:00",1,0,5
9428,AkHa00710,AkHa00710224,"2021-05-26 14:22:00",1,0,30
26040,AkHa00711,AkHa00711224,"2022-02-02 09:09:00",1,0,0
51186,AkHa00712,AkHa00712224,"2023-02-22 09:14:00",1,0,14
59761,AkHa00713,AkHa00713224,"2023-07-04 14:34:00",1,0,48
20104,AkHa00714,AkHa00714224,"2021-11-03 09:24:00",1,0,6
12779,AkHa00715,AkHa00715224,"2021-07-14 11:53:00",1,0,42
23281,AkHa00716,AkHa00716224,"2021-12-21 16:28:00",1,0,8
59081,AkHa00717,AkHa00717224,"2023-06-23 13:50:00",1,0,5
33932,AkHa00718,AkHa00718224,"2022-06-01 16:45:00",1,0,8
36549,AkHa00719,AkHa00719224,"2022-07-08 13:55:00",1,0,12
319,AkHa00720,AkHa00720224,"2021-01-07 13:17:00",1,0,12
13416,AkHa00721,AkHa00721224,"2021-07-23 12:00:00",1,20,1
36696,AkHa00722,AkHa00722224,"2022-07-11 14:47:00",1,0,8
35949,AkHa00723,AkHa00723224,"2022-06-30 12:52:00",1,0,0
37436,AkHa00724,AkHa00724224,"2022-07-22 09:33:00",1,30,32
18810,AkHa00725,AkHa00725224,"2021-10-14 10:21:00",1,0,34
45511,AkHa00726,AkHa00726224,"2022-11-23 09:15:00",1,0,7
35736,AkHa00727,AkHa00727224,"2022-06-27 16:42:00",1,0,5
6147,AkHa00728,AkHa00728224,"2021-04-07 11:04:00",1,0,2
49434,AkHa00729,AkHa00729224,"2023-01-23 13:57:00",1,0,36
27600,AkHa00730,AkHa00730224,"2022-02-25 13:06:00",1,0,28
50566,AkHa00731,AkHa00731224,"2023-02-10 15:24:00",1,0,34
30525,AkHa00732,AkHa00732224,"2022-04-11 14:44:00",1,0,40
30371,AkHa00733,AkHa00733224,"2022-04-08 10:25:00",1,0,42
14435,AkHa00734,AkHa00734224,"2021-08-09 11:38:00",1,0,48
15299,AkHa00735,AkHa00735224,"2021-08-20 15:05:00",1,0,2
30600,AkHa00736,AkHa00736224,"2022-04-12 13:30:00",1,0,1
17757,AkHa00737,AkHa00737224,"2021-09-28 11:43:00",1,0,32
22097,AkHa00738,AkHa00738224,"2021-12-02 15:01:00",1,0,30
37213,AkHa00739,AkHa00739224,"2022-07-19 14:52:00",1,0,8
9607,AkHa00740,AkHa00740224,"2021-05-28 15:06:00",1,0,7
36255,AkHa00741,AkHa00741224,"2022-07-05 11:52:00",1,0,7
3175,AkHa00742,AkHa00742224,"2021-02-19 14:45:00",1,0,30
59115,AkHa00743,AkHa00743224,"2023-06-24 07:47:00",6,53,0
59147,AkHa00743,AkHa00743224,"2023-06-25 13:49:00",7,22,0
58895,AkHa00743,AkHa00743224,"2023-06-21 07:49:00",3,20,0
58981,AkHa00743,AkHa00743224,"2023-06-22 10:56:00",4,42,0
59217,AkHa00743,AkHa00743224,"2023-06-26 15:08:00",8,54,0
58760,AkHa00743,AkHa00743224,"2023-06-19 10:20:00",1,41,0
59033,AkHa00743,AkHa00743224,"2023-06-23 06:54:00",5,52,0
58845,AkHa00743,AkHa00743224,"2023-06-20 12:08:00",2,20,0
220,AkHa00744,AkHa00744224,"2021-01-06 11:14:00",1,0,40
47013,AkHa00745,AkHa00745224,"2022-12-15 11:06:00",1,0,12
21385,AkHa00746,AkHa00746224,"2021-11-22 13:47:00",1,0,46
40833,AkHa00747,AkHa00747224,"2022-09-12 11:49:00",1,0,12
13905,AkHa00748,AkHa00748224,"2021-07-30 16:24:00",1,0,5
3053,AkHa00749,AkHa00749224,"2021-02-18 09:24:00",1,0,24
50417,AkHa00750,AkHa00750224,"2023-02-08 14:13:00",1,0,42
13424,AkHa00751,AkHa00751224,"2021-07-23 13:19:00",1,0,16
30768,AkHa00752,AkHa00752224,"2022-04-14 16:01:00",1,0,40
40029,AkHa00753,AkHa00753224,"2022-08-31 10:36:00",1,0,38
45601,AkHa00754,AkHa00754224,"2022-11-24 09:04:00",1,0,30
20682,AkHa00755,AkHa00755224,"2021-11-11 10:43:00",1,0,14
41294,AkHa00756,AkHa00756224,"2022-09-19 12:02:00",6,39,30
41491,AkHa00756,AkHa00756224,"2022-09-21 13:44:00",8,37,30
41029,AkHa00756,AkHa00756224,"2022-09-14 15:25:00",1,64,30
41211,AkHa00756,AkHa00756224,"2022-09-16 17:10:00",3,51,30
41118,AkHa00756,AkHa00756224,"2022-09-15 16:03:00",2,45,30
41247,AkHa00756,AkHa00756224,"2022-09-18 09:22:00",5,35,30
41394,AkHa00756,AkHa00756224,"2022-09-20 12:25:00",7,63,30
41214,AkHa00756,AkHa00756224,"2022-09-17 07:15:00",4,54,30
18925,AkHa00757,AkHa00757224,"2021-10-15 14:29:00",1,0,3
48072,AkHa00758,AkHa00758224,"2022-12-30 14:46:00",1,0,36
4037,AkHa00759,AkHa00759224,"2021-03-04 14:18:00",1,0,8
19271,AkHa00760,AkHa00760224,"2021-10-21 09:21:00",1,0,3
38881,AkHa00761,AkHa00761224,"2022-08-12 11:31:00",1,0,2
56910,AkHa00762,AkHa00762224,"2023-05-19 14:21:00",1,0,32
51314,AkHa00763,AkHa00763224,"2023-02-23 13:45:00",1,0,44
53350,AkHa00764,AkHa00764224,"2023-03-27 10:25:00",1,0,1
35699,AkHa00765,AkHa00765224,"2022-06-27 11:19:00",1,0,2
51612,AkHa00766,AkHa00766224,"2023-03-01 13:38:00",1,0,40
13401,AkHa00767,AkHa00767224,"2021-07-23 10:38:00",1,0,28
32405,AkHa00768,AkHa00768224,"2022-05-09 14:32:00",1,0,14
6540,AkHa00769,AkHa00769224,"2021-04-13 14:12:00",1,0,8
7952,AkHa00770,AkHa00770224,"2021-05-04 15:02:00",1,0,1
40425,AkHa00771,AkHa00771224,"2022-09-06 09:49:00",1,0,3
4009,AkHa00772,AkHa00772224,"2021-03-04 09:12:00",1,0,10
56041,AkHa00773,AkHa00773224,"2023-05-05 15:13:00",1,0,38
3453,AkHa00774,AkHa00774224,"2021-02-24 12:16:00",1,0,1
35716,AkHa00775,AkHa00775224,"2022-06-27 13:40:00",1,0,36
46836,AkHa00776,AkHa00776224,"2022-12-13 10:49:00",1,0,28
28003,AkHa00777,AkHa00777224,"2022-03-03 14:25:00",1,0,48
59741,AkHa00778,AkHa00778224,"2023-07-04 12:10:00",1,0,16
48362,AkHa00779,AkHa00779224,"2023-01-04 15:41:00",1,0,30
12328,AkHa00780,AkHa00780224,"2021-07-07 12:20:00",1,0,46
30576,AkHa00781,AkHa00781224,"2022-04-12 11:28:00",1,0,36
5538,AkHa00782,AkHa00782224,"2021-03-29 12:18:00",1,30,36
15829,AkHa00783,AkHa00783224,"2021-08-30 09:39:00",1,0,6
50330,AkHa00784,AkHa00784224,"2023-02-07 13:32:00",1,0,12
32674,AkHa00785,AkHa00785224,"2022-05-12 14:46:00",1,0,0
15608,AkHa00786,AkHa00786224,"2021-08-26 09:42:00",1,0,26
6217,AkHa00787,AkHa00787224,"2021-04-08 10:30:00",1,26,48
24001,AkHa00788,AkHa00788224,"2021-12-31 16:06:00",1,0,34
36012,AkHa00789,AkHa00789224,"2022-07-01 10:27:00",1,0,26
47676,AkHa00790,AkHa00790224,"2022-12-26 09:48:00",1,0,34
46768,AkHa00791,AkHa00791224,"2022-12-12 12:14:00",1,0,46
49610,AkHa00792,AkHa00792224,"2023-01-25 16:48:00",1,0,7
17898,AkHa00793,AkHa00793224,"2021-09-30 09:10:00",1,0,36
59447,AkHa00794,AkHa00794224,"2023-06-29 10:12:00",1,0,30
27042,AkHa00795,AkHa00795224,"2022-02-17 10:30:00",1,0,5
32702,AkHa00796,AkHa00796224,"2022-05-13 09:43:00",1,0,30
23344,AkHa00797,AkHa00797224,"2021-12-22 14:10:00",1,0,48
54195,AkHa00798,AkHa00798224,"2023-04-07 11:24:00",1,0,10
44695,AkHa00799,AkHa00799224,"2022-11-10 14:23:00",1,0,46
43939,AkKi00800,AkKi00800224,"2022-10-31 12:44:00",1,0,16
51464,AkKi00801,AkKi00801224,"2023-02-27 11:21:00",1,0,2
6965,AkKi00802,AkKi00802224,"2021-04-20 10:26:00",1,0,42
36511,AkKi00803,AkKi00803224,"2022-07-08 09:26:00",1,0,4
23231,AkKi00804,AkKi00804224,"2021-12-21 12:20:00",1,0,42
52351,AkKi00805,AkKi00805224,"2023-03-13 12:12:00",1,19,42
51596,AkKi00806,AkKi00806224,"2023-03-01 10:43:00",1,0,42
13679,AkKi00807,AkKi00807224,"2021-07-28 10:52:00",1,0,36
21475,AkKi00808,AkKi00808224,"2021-11-23 13:06:00",1,0,5
15935,AkKi00809,AkKi00809224,"2021-08-31 10:05:00",1,0,36
16934,AkKi00810,AkKi00810224,"2021-09-14 12:32:00",1,0,26
51207,AkKi00811,AkKi00811224,"2023-02-22 10:41:00",1,0,10
19478,AkKi00812,AkKi00812224,"2021-10-25 10:02:00",1,0,5
1152,AkKi00813,AkKi00813224,"2021-01-20 14:35:00",1,0,18
13362,AkKi00814,AkKi00814224,"2021-07-22 15:02:00",1,0,3
43568,AkKi00815,AkKi00815224,"2022-10-25 10:07:00",1,0,34
23893,AkKi00816,AkKi00816224,"2021-12-30 14:41:00",1,0,3
36673,AkKi00817,AkKi00817224,"2022-07-11 12:59:00",1,0,0
11977,AkKi00818,AkKi00818224,"2021-07-01 14:00:00",1,0,28
24187,AkKi00819,AkKi00819224,"2022-01-04 11:02:00",1,0,28
40579,AkKi00820,AkKi00820224,"2022-09-07 15:09:00",1,0,28
50878,AkKi00821,AkKi00821224,"2023-02-16 16:24:00",1,0,5
8174,AkKi00822,AkKi00822224,"2021-05-07 09:12:00",1,0,36
59762,AkKi00823,AkKi00823224,"2023-07-04 14:35:00",1,0,12
20995,AkKi00824,AkKi00824224,"2021-11-16 14:40:00",1,0,30
31182,AkKi00825,AkKi00825224,"2022-04-21 12:44:00",1,0,46
9363,AkKi00826,AkKi00826224,"2021-05-25 16:22:00",1,0,7
8639,AkKi00827,AkKi00827224,"2021-05-14 14:22:00",1,0,3
43169,AkKi00828,AkKi00828224,"2022-10-17 16:25:00",1,0,24
15291,AkKi00829,AkKi00829224,"2021-08-20 13:36:00",1,0,3
47583,AkKi00830,AkKi00830224,"2022-12-23 13:39:00",1,0,48
47135,AkKi00831,AkKi00831224,"2022-12-16 14:55:00",1,0,4
2393,AkKi00832,AkKi00832224,"2021-02-08 14:35:00",1,0,42
45854,AkKi00833,AkKi00833224,"2022-11-28 14:18:00",1,0,12
11956,AkKi00834,AkKi00834224,"2021-07-01 12:17:00",1,0,1
56507,AkKi00835,AkKi00835224,"2023-05-12 13:05:00",1,0,8
1629,AkKi00836,AkKi00836224,"2021-01-27 13:13:00",1,0,38
53976,AkKi00837,AkKi00837224,"2023-04-04 15:14:00",1,0,6
50104,AkKi00838,AkKi00838224,"2023-02-02 15:50:00",1,0,24
11477,AkKi00839,AkKi00839224,"2021-06-24 10:30:00",1,0,8
16981,AkKi00840,AkKi00840224,"2021-09-14 16:35:00",1,0,5
34716,AkKi00841,AkKi00841224,"2022-06-14 09:54:00",1,0,36
47059,AkKi00842,AkKi00842224,"2022-12-15 16:34:00",1,0,24
46008,AkKi00843,AkKi00843224,"2022-11-30 13:34:00",1,0,1
3478,AkKi00844,AkKi00844224,"2021-02-24 15:42:00",1,0,34
50765,AkKi00845,AkKi00845224,"2023-02-15 09:47:00",1,0,32
12071,AkKi00846,AkKi00846224,"2021-07-02 15:34:00",1,0,12
5889,AkKi00847,AkKi00847224,"2021-04-02 16:50:00",1,0,5
45519,AkKi00848,AkKi00848224,"2022-11-23 10:03:00",1,0,8
46561,AkKi00849,AkKi00849224,"2022-12-08 13:55:00",1,0,10
8191,AkKi00850,AkKi00850224,"2021-05-07 10:23:00",1,0,48
13,AkKi00851,AkKi00851224,"2021-01-01 11:14:00",1,0,32
55627,AkKi00852,AkKi00852224,"2023-05-01 11:21:00",1,0,34
12652,AkKi00853,AkKi00853224,"2021-07-12 16:42:00",1,0,14
31611,AkKi00854,AkKi00854224,"2022-04-27 14:18:00",1,0,1
23939,AkKi00855,AkKi00855224,"2021-12-31 10:36:00",1,0,44
23307,AkKi00856,AkKi00856224,"2021-12-22 10:27:00",1,0,38
37479,AkKi00857,AkKi00857224,"2022-07-22 13:55:00",1,0,0
22877,AkKi00858,AkKi00858224,"2021-12-15 14:44:00",1,0,42
6967,AkKi00859,AkKi00859224,"2021-04-20 10:38:00",1,0,30
46549,AkKi00860,AkKi00860224,"2022-12-08 12:29:00",1,0,36
19392,AkKi00861,AkKi00861224,"2021-10-22 11:39:00",1,0,18
22078,AkKi00862,AkKi00862224,"2021-12-02 12:34:00",1,0,4
6918,AkKi00863,AkKi00863224,"2021-04-19 13:24:00",1,0,30
35086,AkKi00864,AkKi00864224,"2022-06-17 16:19:00",1,0,28
55229,AkKi00865,AkKi00865224,"2023-04-24 13:26:00",1,0,2
34727,AkKi00866,AkKi00866224,"2022-06-14 11:04:00",1,0,1
31986,AkKi00867,AkKi00867224,"2022-05-03 12:46:00",1,16,18
53640,AkKi00868,AkKi00868224,"2023-03-30 11:16:00",1,0,16
45997,AkKi00869,AkKi00869224,"2022-11-30 12:42:00",1,0,38
38972,AkKi00870,AkKi00870224,"2022-08-15 09:00:00",1,0,0
24467,AkKi00871,AkKi00871224,"2022-01-07 15:37:00",1,0,1
39299,AkKi00872,AkKi00872224,"2022-08-18 16:13:00",1,0,5
36468,AkKi00873,AkKi00873224,"2022-07-07 14:30:00",1,0,3
36541,AkKi00874,AkKi00874224,"2022-07-08 13:08:00",1,0,30
48613,AkKi00875,AkKi00875224,"2023-01-09 14:14:00",1,0,28
16502,AkKi00876,AkKi00876224,"2021-09-07 16:59:00",1,0,46
59259,AkKi00877,AkKi00877224,"2023-06-27 09:11:00",1,0,2
29613,AkKi00878,AkKi00878224,"2022-03-28 12:59:00",1,0,18
36995,AkKi00879,AkKi00879224,"2022-07-15 12:29:00",1,0,6
4722,AkKi00880,AkKi00880224,"2021-03-16 10:40:00",1,0,30
11272,AkKi00881,AkKi00881224,"2021-06-21 16:47:00",1,240,32
11705,AkKi00881,AkKi00881224,"2021-06-28 11:39:00",8,274,32
11631,AkKi00881,AkKi00881224,"2021-06-26 06:15:00",6,502,32
11331,AkKi00881,AkKi00881224,"2021-06-22 14:29:00",2,178,32
11448,AkKi00881,AkKi00881224,"2021-06-24 06:45:00",4,172,32
11661,AkKi00881,AkKi00881224,"2021-06-27 08:27:00",7,87,32
11427,AkKi00881,AkKi00881224,"2021-06-23 14:57:00",3,139,32
